{"cameraMode":{"drawMode":0,"name":"Shaded","section":"Shading Mode"},"sceneLighting":true,"audioPlay":false,"sceneViewState":{"showFog":true,"showMaterialUpdate":false,"showSkybox":true,"showFlares":true,"showImageEffects":true,"showParticleSystems":true},"in2DMode":false,"pivot":{"x":-1894.0758056640625,"y":-513.1129150390625,"z":-18.99591064453125},"rotation":{"x":-0.1215185895562172,"y":0.5806074142456055,"z":-0.0875726267695427,"w":-0.8005999326705933},"size":882.6947631835938,"orthographic":false}